{"system": {"ver1": "1.01.11", "ver2": "1", "host": "gAAAAABh3H6SUYl_we490LBAhByEGZEE9veP4Xp5rM0lX1VrBRGdIMha4KEtyDCZavEl-SsLoMFoF_GLB2ZpfTENJbcmiaDRww==", "user": "gAAAAABh3H6SQoB6sRQxCoXSGwO3H1kYyIV4H9jIL1Rj6Xm8gvKoiRJRQ8zDZr1EjyALw24dymrXMBAkca1_MEpGR6Q09f7Huw==", "pass": "gAAAAABh3H6SlWejGWHhkXYyICdxxCxaGl4bxTrexcFxzlRWEZx3RXvCp3iyMSkNeH-CLEgQ0jocx-eyhE_0My2A8dug6-y5k1HE3WvQy4BkSAPeRcJa82U=", "data": "gAAAAABh3H6SW0ofSp0v9Gmy9CmYjwyzrARIPnpid9V6mcXeOyzQ9pSZNz-wbafY_6APuX7CtEtfiuFb9rI0v_k5KMoHKnRoFA=="}}